epoch,time,train/box_loss,train/cls_loss,train/dfl_loss,metrics/precision(B),metrics/recall(B),metrics/mAP50(B),metrics/mAP50-95(B),val/box_loss,val/cls_loss,val/dfl_loss,lr/pg0,lr/pg1,lr/pg2
1,10.2506,0.47483,3.1128,0.96266,0.00333,1,0.14157,0.16238,0.31676,3.06035,0.79111,6e-05,6e-05,6e-05
2,10.8035,0.55143,3.32463,0.95367,0.00333,1,0.55644,0.51128,0.30226,3.03515,0.73768,0.000137228,0.000137228,0.000137228
3,11.1334,0.4526,2.91527,0.89961,0.00333,1,0.73871,0.65259,0.30724,3.00518,0.73154,0.000211288,0.000211288,0.000211288
4,11.4832,0.65291,2.54494,1.00134,0.00333,1,0.90929,0.73912,0.39323,2.89382,0.79248,0.00028218,0.00028218,0.00028218
5,11.8872,0.5068,2.04587,1.00497,0.00333,1,0.88107,0.78279,0.44629,2.82332,0.83036,0.000349904,0.000349904,0.000349904
6,12.3569,0.56483,1.80936,0.98546,0.00333,1,0.93338,0.81982,0.47347,2.78046,0.84617,0.00041446,0.00041446,0.00041446
7,12.7103,0.69574,1.62907,1.09369,0.00819,1,0.98167,0.82211,0.65312,2.7088,1.0069,0.000475848,0.000475848,0.000475848
8,13.2013,0.52027,1.37261,0.90932,0.00333,1,0.94357,0.74028,0.64552,2.7349,1.01255,0.000534068,0.000534068,0.000534068
9,13.5234,0.54751,1.2664,0.91171,0.00333,1,0.955,0.78017,0.57839,2.76018,0.97235,0.00058912,0.00058912,0.00058912
10,13.8395,0.53044,1.13844,0.91778,0.0079,1,0.91208,0.79834,0.53838,2.78844,0.92699,0.000641004,0.000641004,0.000641004
11,14.2132,0.55238,1.31757,0.9701,1,0.50948,0.83493,0.71206,0.56637,2.78759,0.92686,0.00068972,0.00068972,0.00068972
12,14.5545,0.55134,1.33644,0.9383,1,0.28111,0.88432,0.72871,0.56945,2.82344,0.9652,0.000735268,0.000735268,0.000735268
13,14.9574,0.50462,1.20723,0.90414,1,0.34627,0.891,0.78604,0.54971,2.80982,0.90089,0.000777648,0.000777648,0.000777648
14,15.2854,0.55394,1.18665,0.96878,0.95334,0.5,0.60694,0.58673,0.50344,2.7503,0.90501,0.00081686,0.00081686,0.00081686
15,15.6156,0.53984,1.50126,0.92013,1,0.34965,0.92786,0.83865,0.47631,2.67307,0.89085,0.000852904,0.000852904,0.000852904
16,16.0158,0.55072,1.87586,0.98033,1,0.34965,0.92786,0.83865,0.47631,2.67307,0.89085,0.00088578,0.00088578,0.00088578
17,16.4122,0.6273,1.41341,0.96812,1,0.49401,0.995,0.92744,0.46735,2.61236,0.87503,0.000915488,0.000915488,0.000915488
18,16.7186,0.56398,1.42532,0.98373,1,0.84631,0.995,0.84612,0.48851,2.51338,0.8833,0.000942028,0.000942028,0.000942028
19,17.085,0.56024,1.25539,0.95285,1,0.84631,0.995,0.84612,0.48851,2.51338,0.8833,0.0009654,0.0009654,0.0009654
20,17.4791,0.66158,1.35942,1.03704,0.98215,1,0.995,0.86909,0.618,2.29756,1.08829,0.000985604,0.000985604,0.000985604
21,18.0386,0.48476,1.1414,0.91811,0.72627,0.875,0.86505,0.71574,0.55286,2.3145,0.95249,0.00100264,0.00100264,0.00100264
22,18.4032,0.63648,1.34699,1.05809,0.72627,0.875,0.86505,0.71574,0.55286,2.3145,0.95249,0.00101651,0.00101651,0.00101651
23,18.7911,0.57501,1.3407,1.00012,1,0.83249,0.92071,0.79252,0.54093,2.40588,0.94548,0.00102721,0.00102721,0.00102721
24,19.1308,0.4745,1.17166,0.88584,1,0.83249,0.92071,0.79252,0.54093,2.40588,0.94548,0.00103474,0.00103474,0.00103474
25,19.4387,0.58214,1.33172,0.98057,0.98524,1,0.995,0.84153,0.67341,2.07636,1.17667,0.0010391,0.0010391,0.0010391
26,19.7357,0.48801,1.11559,0.87831,0.98524,1,0.995,0.84153,0.67341,2.07636,1.17667,0.00101,0.00101,0.00101
27,20.0939,0.52428,1.23857,0.93984,0.97989,1,0.995,0.83626,0.64287,1.60659,1.18766,0.0009704,0.0009704,0.0009704
28,20.4291,0.58567,1.10596,1.00402,0.97989,1,0.995,0.83626,0.64287,1.60659,1.18766,0.0009308,0.0009308,0.0009308
29,20.8229,0.53899,1.0862,0.93941,0.97662,1,0.995,0.85821,0.60063,1.43184,1.17143,0.0008912,0.0008912,0.0008912
30,21.1528,0.54884,1.14264,0.98526,0.97662,1,0.995,0.85821,0.60063,1.43184,1.17143,0.0008516,0.0008516,0.0008516
31,21.5301,0.46639,1.05423,0.96914,0.98036,1,0.995,0.89453,0.5052,1.40284,1.04972,0.000812,0.000812,0.000812
32,21.8783,0.43326,1.06892,0.91546,0.98036,1,0.995,0.89453,0.5052,1.40284,1.04972,0.0007724,0.0007724,0.0007724
33,22.2772,0.55133,1.03652,0.96325,0.97823,1,0.995,0.91168,0.45992,1.43301,0.93401,0.0007328,0.0007328,0.0007328
34,22.5861,0.4333,1.00447,0.92646,0.97823,1,0.995,0.91168,0.45992,1.43301,0.93401,0.0006932,0.0006932,0.0006932
35,22.9816,0.49341,1.06784,0.91352,0.94095,1,0.995,0.91155,0.44263,1.45578,0.89336,0.0006536,0.0006536,0.0006536
36,23.3401,0.47609,1.16963,0.89297,0.94095,1,0.995,0.91155,0.44263,1.45578,0.89336,0.000614,0.000614,0.000614
37,23.6738,0.45252,1.10133,0.91536,0.98406,1,0.995,0.93492,0.40802,1.41009,0.85968,0.0005744,0.0005744,0.0005744
38,23.9815,0.48001,1.00555,0.9531,0.98406,1,0.995,0.93492,0.40802,1.41009,0.85968,0.0005348,0.0005348,0.0005348
39,24.2869,0.47084,1.04178,0.96906,1,0.9995,0.995,0.93311,0.47027,1.32335,0.93051,0.0004952,0.0004952,0.0004952
40,24.6322,0.44477,0.92608,0.87971,1,0.9995,0.995,0.93311,0.47027,1.32335,0.93051,0.0004556,0.0004556,0.0004556
41,25.9916,0.33057,1.23251,0.7931,1,0.99049,0.995,0.92795,0.51356,1.27869,0.95674,0.000416,0.000416,0.000416
42,26.3555,0.35027,1.25377,0.86252,1,0.99049,0.995,0.92795,0.51356,1.27869,0.95674,0.0003764,0.0003764,0.0003764
43,26.6952,0.29997,1.22822,0.827,1,0.98783,0.995,0.93779,0.43351,1.23563,0.84501,0.0003368,0.0003368,0.0003368
44,27.0147,0.33228,1.24782,0.80492,1,0.98783,0.995,0.93779,0.43351,1.23563,0.84501,0.0002972,0.0002972,0.0002972
45,27.3473,0.28741,1.17348,0.7797,1,0.99211,0.995,0.93779,0.41656,1.19225,0.85248,0.0002576,0.0002576,0.0002576
46,27.6616,0.30169,1.19137,0.79603,1,0.99211,0.995,0.93779,0.41656,1.19225,0.85248,0.000218,0.000218,0.000218
47,27.9956,0.28375,1.17239,0.78872,0.98266,1,0.995,0.93779,0.38536,1.17481,0.8403,0.0001784,0.0001784,0.0001784
48,28.4894,0.26694,1.18808,0.74859,0.98266,1,0.995,0.93779,0.38536,1.17481,0.8403,0.0001388,0.0001388,0.0001388
49,28.8227,0.31339,1.21411,0.82912,0.98032,1,0.995,0.93671,0.38148,1.19131,0.83916,9.92e-05,9.92e-05,9.92e-05
50,29.1345,0.24913,1.15422,0.78504,0.98032,1,0.995,0.93671,0.38148,1.19131,0.83916,5.96e-05,5.96e-05,5.96e-05
